date,course,total_order,price,total_price
2024-06-16,Belajar Investasi Saham,11,74500,819500
2024-06-16,Bahasa Spanyol Dasar,16,103322,1653152
2024-06-16,Menulis Kreatif,8,55957,447656
2024-06-16,ReactJS,28,121253,3395084
2024-06-16,Fullstack Development,5,138124,690620
2023-04-17,Data Science,28,116781,3269868
2023-04-17,Video Editing,0,105184,0
2023-04-17,Fashion Design,29,70947,2057463
2023-09-04,Data Science,21,105738,2220498
2023-09-04,Fashion Design,2,98587,197174
2023-09-04,Video Editing,25,105085,2627125
2023-09-04,Bahasa Spanyol Dasar,7,142275,995925
2023-09-04,Belajar Investasi Saham,2,124178,248356
2024-05-29,Menulis Kreatif,20,87369,1747380
2024-05-29,Leadership Development,11,95210,1047310
2024-05-29,ReactJS,4,72572,290288
2024-05-29,Video Editing,2,115915,231830
2024-05-29,Data Science,21,104825,2201325
2023-12-05,Belajar Investasi Saham,0,75652,0
2023-12-05,Video Editing,22,53828,1184216
2023-12-05,Advanced Excel,3,107177,321531
2023-10-21,Fullstack Development,15,85320,1279800
2024-01-26,Belajar Investasi Saham,4,84731,338924
2024-01-26,Leadership Development,10,54986,549860
2024-03-02,Fullstack Development,26,115020,2990520
2023-12-15,Fashion Design,7,60596,424172
2023-12-15,Data Science,6,56456,338736
2023-12-15,Bahasa Spanyol Dasar,5,111470,557350
2023-12-15,Video Editing,5,72307,361535
2023-12-15,Leadership Development,12,82266,987192
2023-04-13,Fullstack Development,22,85613,1883486
2023-04-13,Leadership Development,25,123511,3087775
2023-04-13,Menulis Kreatif,18,123444,2221992
2023-04-13,Fashion Design,0,68401,0
2024-03-11,Data Science,18,113395,2041110
2024-10-31,ReactJS,4,70453,281812
2024-09-04,ReactJS,18,91172,1641096
2024-09-04,Belajar Investasi Saham,8,83554,668432
2024-11-03,Video Editing,7,137068,959476
2024-11-03,ReactJS,22,119206,2622532
2024-11-03,Leadership Development,25,93412,2335300
2023-07-25,Belajar Investasi Saham,4,118040,472160
2023-07-25,Advanced Excel,11,53779,591569
2023-07-25,Fullstack Development,17,70118,1192006
2024-01-03,Belajar Investasi Saham,3,73552,220656
2023-03-06,Advanced Excel,22,67218,1478796
2024-01-03,Menulis Kreatif,17,106176,1804992
2024-01-03,Video Editing,17,127182,2162094
2024-01-03,Fullstack Development,28,59997,1679916
2024-01-03,Data Science,21,95452,2004492
2024-01-03,Bahasa Spanyol Dasar,12,120140,1441680
2024-03-13,Fashion Design,30,142107,4263210
2024-03-13,Belajar Investasi Saham,2,101595,203190
2024-03-13,Leadership Development,6,111072,666432
2024-03-13,Advanced Excel,14,68129,953806
2024-10-31,ReactJS,22,134872,2967184
2024-10-31,Fullstack Development,23,55981,1287563
2024-10-31,Advanced Excel,11,139509,1534599
2024-10-31,Data Science,1,122102,122102
2024-10-31,Video Editing,13,124515,1618695
2024-04-26,Leadership Development,0,52917,0
2024-04-26,Menulis Kreatif,24,121316,2911584
2023-09-29,Bahasa Spanyol Dasar,19,52350,994650
2024-07-07,Fullstack Development,15,80309,1204635
2024-07-07,Advanced Excel,8,105018,840144
2024-10-13,Menulis Kreatif,25,104389,2609725
2023-08-13,Video Editing,13,57062,741806
2023-08-13,Belajar Investasi Saham,15,111865,1677975
2023-08-13,Leadership Development,4,94629,378516
2023-08-13,ReactJS,11,146924,1616164
2024-01-21,ReactJS,30,79664,2389920
2023-06-16,Belajar Investasi Saham,0,58698,0
2023-06-16,Fashion Design,6,96258,577548
2023-06-16,Video Editing,25,126375,3159375
2023-06-16,Bahasa Spanyol Dasar,30,70011,2100330
2023-10-12,ReactJS,0,149592,0
2023-10-12,Fashion Design,14,147784,2068976
2023-07-10,Fullstack Development,3,75029,225087
2023-07-10,Data Science,3,73786,221358
2023-03-11,Bahasa Spanyol Dasar,27,142634,3851118
2023-03-11,Fullstack Development,2,100251,200502
2023-03-11,Fashion Design,8,81690,653520
2023-03-11,Advanced Excel,11,146122,1607342
2024-08-30,Data Science,29,93059,2698711
2024-08-30,Video Editing,8,68493,547944
2024-08-30,Belajar Investasi Saham,25,75939,1898475
2024-08-30,Fashion Design,1,56430,56430
2024-10-14,ReactJS,1,103527,103527
2024-10-14,Leadership Development,28,147749,4136972
2024-10-14,Fashion Design,21,113789,2389569
2024-10-14,Advanced Excel,24,118039,2832936
2023-10-03,Menulis Kreatif,30,59837,1795110
2023-10-03,Bahasa Spanyol Dasar,23,84989,1954747
2023-10-03,Fullstack Development,11,141349,1554839
2024-09-21,Fashion Design,28,71961,2014908
2024-11-15,Bahasa Spanyol Dasar,7,75480,528360
2023-12-06,Fullstack Development,4,56650,226600
2023-12-06,Data Science,29,54709,1586561
2023-12-06,Leadership Development,7,127450,892150
2024-08-21,Fullstack Development,11,99942,1099362
2024-08-21,Fashion Design,24,125421,3010104
2024-08-21,Advanced Excel,7,65850,460950
2024-08-21,Video Editing,26,97320,2530320
2024-08-21,Belajar Investasi Saham,0,85943,0
2024-04-11,ReactJS,24,95989,2303736
2024-04-11,Fullstack Development,28,110540,3095120
2024-04-11,Leadership Development,11,122491,1347401
2024-03-18,Advanced Excel,17,51879,881943
2024-03-18,Bahasa Spanyol Dasar,8,128800,1030400
2024-03-18,ReactJS,29,72269,2095801
2024-03-18,Data Science,10,146691,1466910
2024-03-18,Leadership Development,21,123076,2584596
2024-04-25,ReactJS,21,77356,1624476
2024-04-25,Leadership Development,26,91482,2378532
2024-04-25,Video Editing,2,135464,270928
2023-08-04,Advanced Excel,23,132120,3038760
2023-08-04,Fashion Design,13,118327,1538251
2023-04-30,Bahasa Spanyol Dasar,9,94212,847908
2023-04-30,Fashion Design,2,131546,263092
2023-04-30,ReactJS,30,52001,1560030
2023-06-13,ReactJS,30,134171,4025130
2023-06-13,Video Editing,23,56009,1288207
2023-06-13,Menulis Kreatif,3,66094,198282
2024-01-09,Advanced Excel,24,64080,1537920
2023-10-28,Advanced Excel,2,82463,164926
2023-10-28,Leadership Development,19,67740,1287060
2023-10-28,Data Science,3,110159,330477
2023-10-28,Menulis Kreatif,3,115162,345486
2023-10-28,ReactJS,5,91200,456000
2023-04-09,Video Editing,15,122404,1836060
2023-04-09,Bahasa Spanyol Dasar,20,145013,2900260
2023-04-09,Advanced Excel,14,115473,1616622
2023-04-09,Data Science,26,77114,2004964
2023-04-09,Fashion Design,26,90195,2345070
2024-03-27,Data Science,11,135372,1489092
2023-06-23,Fullstack Development,1,94554,94554
2023-06-23,Belajar Investasi Saham,17,101137,1719329
2023-06-23,Leadership Development,21,86063,1807323
2024-03-24,Leadership Development,30,143142,4294260
2024-03-24,Belajar Investasi Saham,27,105102,2837754
2024-03-24,Fullstack Development,18,144772,2605896
2024-03-24,Data Science,10,69016,690160
2024-03-05,Fashion Design,17,68619,1166523
2024-03-05,Belajar Investasi Saham,11,94784,1042624
2024-03-05,ReactJS,27,80556,2175012
2023-09-13,Belajar Investasi Saham,1,121129,121129
2023-09-13,Advanced Excel,4,58719,234876
2023-09-13,Fullstack Development,1,95320,95320
2023-09-13,Bahasa Spanyol Dasar,20,131587,2631740
2023-09-13,Leadership Development,28,62539,1751092
2023-04-18,Bahasa Spanyol Dasar,4,118182,472728
2023-04-18,Advanced Excel,17,71079,1208343
2023-08-14,ReactJS,11,111536,1226896
2023-08-14,Fullstack Development,17,107121,1821057
2023-06-10,Leadership Development,26,115815,3011190
2023-06-10,Advanced Excel,12,146482,1757784
2023-06-10,Fashion Design,4,98316,393264
2024-06-13,Video Editing,8,114305,914440
2024-06-13,Bahasa Spanyol Dasar,0,62665,0
2024-04-18,ReactJS,21,121270,2546670
2024-04-18,Video Editing,29,74057,2147653
2024-04-18,Advanced Excel,25,136809,3420225
2024-04-18,Fashion Design,29,82782,2400678
2024-04-18,Menulis Kreatif,1,62658,62658
2023-08-04,ReactJS,17,139230,2366910
2023-03-14,Video Editing,25,54995,1374875
2023-03-14,Menulis Kreatif,8,107986,863888
2023-03-14,ReactJS,14,136869,1916166
2023-03-14,Fullstack Development,13,100052,1300676
2023-03-14,Advanced Excel,18,121579,2188422
2024-01-13,Bahasa Spanyol Dasar,12,74680,896160
2024-01-13,Video Editing,7,115046,805322
2024-03-16,Advanced Excel,20,63812,1276240
2024-03-16,ReactJS,12,96262,1155144
2024-03-16,Belajar Investasi Saham,0,101873,0
2024-03-16,Fullstack Development,1,123778,123778
2023-06-13,Belajar Investasi Saham,19,108874,2068606
2023-06-13,Leadership Development,19,145091,2756729
2023-06-13,Video Editing,27,100642,2717334
2023-11-03,Fullstack Development,7,131121,917847
2023-11-03,ReactJS,30,98894,2966820
2023-11-03,Belajar Investasi Saham,19,127704,2426376
2023-11-03,Data Science,0,114614,0
2023-11-03,Leadership Development,24,119128,2859072
2023-04-30,Fashion Design,24,62977,1511448
2023-09-26,Menulis Kreatif,1,55734,55734
2023-09-26,Belajar Investasi Saham,20,149422,2988440
2023-09-26,ReactJS,6,81118,486708
2023-09-26,Video Editing,16,128321,2053136
2023-09-26,Data Science,11,89684,986524
2024-08-08,ReactJS,14,74029,1036406
2024-08-08,Menulis Kreatif,14,124162,1738268
2023-03-10,ReactJS,25,68254,1706350
2024-09-21,ReactJS,9,53236,479124
2024-06-13,Advanced Excel,28,97269,2723532
2024-06-13,Video Editing,12,99866,1198392
2024-06-13,Bahasa Spanyol Dasar,7,109603,767221
2024-06-13,ReactJS,24,57568,1381632
2023-04-24,Bahasa Spanyol Dasar,13,84538,1098994
2023-04-24,Fashion Design,3,140305,420915
2023-04-24,Belajar Investasi Saham,11,86578,952358
2023-04-24,ReactJS,12,65188,782256
2024-06-05,Data Science,29,85155,2469495
2024-06-05,Leadership Development,23,120355,2768165
2024-06-05,Fullstack Development,23,117947,2712781
2023-05-30,Bahasa Spanyol Dasar,23,99041,2277943
2023-05-30,Leadership Development,27,147566,3984282
2023-05-30,Menulis Kreatif,24,104646,2511504
2023-05-30,ReactJS,11,141622,1557842
2023-07-14,ReactJS,19,88276,1677244
2024-09-19,Belajar Investasi Saham,4,100914,403656
2024-09-19,ReactJS,28,86795,2430260
2024-09-19,Fullstack Development,3,146395,439185
2023-07-24,Bahasa Spanyol Dasar,4,56977,227908
2023-07-24,Video Editing,7,136131,952917
2023-05-20,Video Editing,0,110615,0
2023-05-20,Fashion Design,19,129228,2455332
2023-05-20,Data Science,13,107039,1391507
2023-05-20,Belajar Investasi Saham,16,132587,2121392
2024-09-04,Menulis Kreatif,15,64084,961260
2023-12-10,Fashion Design,22,87826,1932172
2023-12-10,ReactJS,25,79561,1989025
2023-12-10,Fullstack Development,18,79972,1439496
2023-12-10,Bahasa Spanyol Dasar,7,81153,568071
2023-12-10,Leadership Development,15,107821,1617315
2024-01-12,Video Editing,9,109514,985626
2024-01-12,Menulis Kreatif,10,148352,1483520
2024-01-12,Belajar Investasi Saham,21,70162,1473402
2024-01-12,Leadership Development,26,62439,1623414
2023-07-05,ReactJS,20,134149,2682980
2023-07-05,Leadership Development,17,135843,2309331
2023-07-05,Fashion Design,17,105000,1785000
2023-07-05,Bahasa Spanyol Dasar,19,141392,2686448
2024-07-12,ReactJS,13,79920,1038960
2024-07-12,Fashion Design,18,73075,1315350
2023-04-25,Leadership Development,6,93444,560664
2024-05-31,Leadership Development,20,88930,1778600
2023-04-24,Video Editing,17,76332,1297644
2023-04-24,Bahasa Spanyol Dasar,30,120410,3612300
2024-04-17,Fullstack Development,19,116016,2204304
2024-04-17,Video Editing,13,64038,832494
2024-04-17,Fashion Design,25,50762,1269050
2024-04-17,Menulis Kreatif,4,132275,529100
2024-04-17,Bahasa Spanyol Dasar,8,74982,599856
2023-10-09,Fullstack Development,19,142737,2712003
2023-06-03,Menulis Kreatif,11,114158,1255738
2023-06-03,Bahasa Spanyol Dasar,12,141209,1694508
2023-06-03,Fullstack Development,20,145931,2918620
2023-06-03,ReactJS,27,97243,2625561
2024-10-02,Menulis Kreatif,11,122260,1344860
2023-08-03,ReactJS,3,82511,247533
2023-04-02,Video Editing,7,73725,516075
2023-04-02,Advanced Excel,29,115308,3343932
2023-04-02,Belajar Investasi Saham,14,53550,749700
2024-07-25,Fashion Design,11,70715,777865
2024-11-20,Video Editing,8,107541,860328
2024-11-20,Fashion Design,29,92737,2689373
2024-11-20,Bahasa Spanyol Dasar,17,116978,1988626
2024-11-20,Advanced Excel,7,137268,960876
2024-11-20,Menulis Kreatif,28,82085,2298380
2024-10-27,Belajar Investasi Saham,0,95578,0
2024-10-27,ReactJS,22,125731,2766082
2024-09-16,Fullstack Development,12,66122,793464
2024-09-16,Bahasa Spanyol Dasar,13,119783,1557179
2023-06-12,Fashion Design,30,102807,3084210
2023-06-12,ReactJS,26,91198,2371148
2023-06-12,Fullstack Development,3,91201,273603
2024-04-08,Advanced Excel,28,57023,1596644
2024-04-08,Data Science,10,68149,681490
2024-04-08,Fullstack Development,28,131592,3684576
2023-03-14,Menulis Kreatif,1,71031,71031
2024-02-26,Bahasa Spanyol Dasar,5,119511,597555
2024-02-26,Data Science,15,51612,774180
2024-02-26,ReactJS,21,74538,1565298
2024-02-26,Menulis Kreatif,15,122971,1844565
2024-02-26,Belajar Investasi Saham,18,59867,1077606
2024-09-05,Belajar Investasi Saham,11,113976,1253736
2024-09-05,Bahasa Spanyol Dasar,3,138198,414594
2024-09-05,Data Science,17,114503,1946551
2023-08-31,ReactJS,6,60923,365538
2023-08-31,Belajar Investasi Saham,21,116122,2438562
2023-08-31,Bahasa Spanyol Dasar,29,137888,3998752
2024-03-13,Advanced Excel,28,123048,3445344
2024-03-13,Bahasa Spanyol Dasar,0,148591,0
2024-03-13,ReactJS,24,81958,1966992
2024-10-25,Data Science,21,81349,1708329
2024-10-25,Video Editing,28,145339,4069492
2023-12-13,Data Science,9,116620,1049580
2023-12-13,Fullstack Development,6,129474,776844
2023-12-13,Menulis Kreatif,8,77730,621840
2024-09-29,Belajar Investasi Saham,16,134780,2156480
2024-09-29,Fullstack Development,0,57977,0
2023-06-26,Menulis Kreatif,27,122195,3299265
2023-06-26,ReactJS,13,82796,1076348
2023-06-26,Bahasa Spanyol Dasar,20,103283,2065660
2023-05-27,Belajar Investasi Saham,2,58588,117176
2023-05-27,Fashion Design,11,144295,1587245
2023-05-27,Fullstack Development,12,75535,906420
2023-05-30,ReactJS,26,92510,2405260
2023-05-30,Fashion Design,2,130497,260994
2024-08-30,Bahasa Spanyol Dasar,25,59616,1490400
2024-08-30,Data Science,2,94791,189582
2024-08-30,ReactJS,9,123932,1115388
2024-09-28,Bahasa Spanyol Dasar,2,93579,187158
2024-05-09,Fashion Design,10,89870,898700
2024-05-09,Data Science,29,51572,1495588
2024-05-09,Fullstack Development,27,146451,3954177
2024-05-09,Video Editing,2,113313,226626
2024-05-09,Advanced Excel,24,124585,2990040
2024-07-21,Advanced Excel,21,110011,2310231
2024-07-21,Bahasa Spanyol Dasar,17,108058,1836986
2024-07-21,Fashion Design,20,131882,2637640
2024-10-12,Fashion Design,16,99321,1589136
2024-10-12,Belajar Investasi Saham,20,86566,1731320
2023-12-10,Data Science,16,93926,1502816
2023-12-10,Bahasa Spanyol Dasar,2,64408,128816
2023-12-10,Fullstack Development,19,117808,2238352
2023-12-10,Leadership Development,24,132084,3170016
2023-12-15,Data Science,27,78852,2129004
2023-12-15,Leadership Development,6,114164,684984
2023-12-15,ReactJS,26,55719,1448694
2023-12-15,Fashion Design,27,74934,2023218
2024-08-05,Fashion Design,10,123662,1236620
2024-08-05,Data Science,23,146084,3359932
2024-08-05,Fullstack Development,4,60051,240204
2024-05-04,Data Science,6,90331,541986
2024-05-04,Belajar Investasi Saham,30,52387,1571610
2023-05-06,Menulis Kreatif,16,92423,1478768
2023-05-06,Leadership Development,29,126465,3667485
2023-05-06,Data Science,16,137450,2199200
2024-10-09,ReactJS,7,130144,911008
2023-03-10,Advanced Excel,26,84835,2205710
2024-11-03,Fullstack Development,26,96195,2501070
2024-11-03,Advanced Excel,0,116015,0
2023-08-03,Video Editing,26,75836,1971736
2023-08-03,Advanced Excel,4,79059,316236
2023-08-03,Fashion Design,1,56255,56255
2023-08-03,Bahasa Spanyol Dasar,29,97556,2829124
2024-08-10,Fashion Design,3,106974,320922
2024-08-10,ReactJS,12,82858,994296
2024-08-10,Leadership Development,15,148579,2228685
2024-08-10,Belajar Investasi Saham,19,140029,2660551
2024-08-10,Data Science,28,134005,3752140
2023-06-22,Fashion Design,23,103956,2390988
2023-06-22,Fullstack Development,27,141660,3824820
2023-06-22,Bahasa Spanyol Dasar,15,129454,1941810
2023-05-12,Data Science,26,126526,3289676
2023-05-12,Advanced Excel,9,144989,1304901
2023-05-12,Fullstack Development,4,51602,206408
2023-05-12,Video Editing,28,58037,1625036
2023-12-02,Belajar Investasi Saham,14,144588,2024232
2023-12-02,Bahasa Spanyol Dasar,29,50474,1463746
2023-12-02,Data Science,1,99149,99149
2023-12-02,Fashion Design,8,127805,1022440
2023-12-02,Fullstack Development,4,78775,315100
2023-03-01,Advanced Excel,6,120913,725478
2023-03-01,Fullstack Development,15,112305,1684575
2023-03-01,Leadership Development,1,126102,126102
2023-03-01,Data Science,9,142953,1286577
2023-03-01,Video Editing,30,102332,3069960
2023-06-27,Video Editing,25,51485,1287125
2023-06-27,Data Science,13,93295,1212835
2023-06-27,Fullstack Development,17,115370,1961290
2023-10-16,Bahasa Spanyol Dasar,27,106617,2878659
2023-10-16,ReactJS,25,129342,3233550
2024-10-07,Bahasa Spanyol Dasar,19,102635,1950065
2024-11-07,Bahasa Spanyol Dasar,8,101804,814432
2024-11-07,Fashion Design,26,130131,3383406
2024-11-07,Menulis Kreatif,27,76099,2054673
2024-11-07,Advanced Excel,4,113130,452520
2023-07-02,Advanced Excel,11,138083,1518913
2024-10-22,Belajar Investasi Saham,10,133756,1337560
2024-10-22,Data Science,30,143785,4313550
2024-10-22,Leadership Development,24,125147,3003528
2024-10-22,Fullstack Development,21,120400,2528400
2024-10-22,Bahasa Spanyol Dasar,15,113548,1703220
2023-11-28,Menulis Kreatif,24,125522,3012528
2024-10-12,Belajar Investasi Saham,12,56833,681996
2024-10-12,Data Science,10,138554,1385540
2024-11-29,Menulis Kreatif,30,93719,2811570
2024-11-29,Belajar Investasi Saham,22,79943,1758746
2024-11-29,Leadership Development,1,118626,118626
2024-11-29,Data Science,16,107162,1714592
2023-05-16,Menulis Kreatif,28,147182,4121096
2023-05-16,ReactJS,7,91383,639681
2024-02-21,Bahasa Spanyol Dasar,17,143951,2447167
2024-02-21,Menulis Kreatif,25,81143,2028575
2023-06-20,Leadership Development,30,90734,2722020
2023-06-01,ReactJS,11,115467,1270137
2023-12-30,Belajar Investasi Saham,6,67330,403980
2023-12-30,Video Editing,16,51916,830656
2024-04-02,ReactJS,21,148387,3116127
2024-04-02,Bahasa Spanyol Dasar,22,102779,2261138
2023-04-03,Belajar Investasi Saham,3,148672,446016
2023-04-03,Leadership Development,15,77487,1162305
2023-04-03,Video Editing,9,135637,1220733
2023-04-03,Fashion Design,29,125732,3646228
2023-04-03,ReactJS,12,94180,1130160
2023-12-06,Belajar Investasi Saham,8,119552,956416
2023-09-04,Video Editing,14,87831,1229634
2023-09-04,Fullstack Development,21,129789,2725569
2024-05-09,Menulis Kreatif,8,65637,525096
2024-05-09,Fashion Design,22,149384,3286448
2023-08-07,Fashion Design,25,129982,3249550
2023-10-29,Bahasa Spanyol Dasar,18,54783,986094
2023-10-29,Advanced Excel,17,126364,2148188
2023-10-29,ReactJS,5,108912,544560
2023-03-13,Belajar Investasi Saham,0,111177,0
2023-05-14,Fashion Design,1,108922,108922
2023-05-14,Advanced Excel,8,115201,921608
2023-05-14,Data Science,3,120154,360462
2023-05-14,Bahasa Spanyol Dasar,4,110267,441068
2023-05-14,Video Editing,16,90002,1440032
2023-10-15,Fashion Design,16,75293,1204688
2023-10-15,ReactJS,10,108171,1081710
2023-10-15,Leadership Development,20,100537,2010740
2023-10-15,Data Science,2,66829,133658
2023-08-05,Fullstack Development,3,132880,398640
2023-08-05,Data Science,23,80493,1851339
2023-08-05,Video Editing,27,112962,3049974
2023-08-05,Menulis Kreatif,21,144437,3033177
2023-08-05,Fashion Design,25,134258,3356450
2024-02-10,Belajar Investasi Saham,11,117448,1291928
2024-02-10,ReactJS,17,125212,2128604
2024-02-10,Bahasa Spanyol Dasar,3,76412,229236
2024-02-10,Fashion Design,13,57011,741143
2023-03-29,Menulis Kreatif,23,121707,2799261
2023-03-29,Data Science,16,145091,2321456
2023-12-18,ReactJS,28,96079,2690212
2023-12-18,Bahasa Spanyol Dasar,23,105930,2436390
2024-06-02,ReactJS,17,114230,1941910
2024-06-02,Fashion Design,14,148325,2076550
2024-08-16,Menulis Kreatif,13,136444,1773772
2023-08-20,Belajar Investasi Saham,13,122795,1596335
2024-09-25,Bahasa Spanyol Dasar,18,119810,2156580
2024-09-25,Data Science,18,91238,1642284
2024-09-25,Fullstack Development,26,76375,1985750
2024-09-25,Video Editing,15,123860,1857900
2024-09-25,Leadership Development,3,87289,261867
2023-04-01,Bahasa Spanyol Dasar,1,59054,59054
2024-08-09,Video Editing,2,85802,171604
2024-11-03,Fullstack Development,8,106445,851560
2024-11-03,Advanced Excel,3,88811,266433
2024-11-03,Video Editing,24,97614,2342736
2024-06-23,Advanced Excel,16,147237,2355792
2024-06-23,Belajar Investasi Saham,3,65957,197871
2024-06-23,Fashion Design,6,126969,761814
2024-10-31,Fullstack Development,11,128263,1410893
2024-10-31,Leadership Development,6,136243,817458
2023-08-15,Advanced Excel,18,110764,1993752
2023-08-15,Bahasa Spanyol Dasar,24,79196,1900704
2023-08-15,Video Editing,17,61666,1048322
2023-08-15,Menulis Kreatif,18,64738,1165284
2024-09-28,Video Editing,17,76788,1305396
2024-09-28,Belajar Investasi Saham,18,145530,2619540
2024-09-01,Menulis Kreatif,27,57233,1545291
2024-11-22,ReactJS,22,66454,1461988
2023-07-13,Menulis Kreatif,8,57041,456328
2023-12-15,Belajar Investasi Saham,21,116711,2450931
2023-07-27,Bahasa Spanyol Dasar,8,124218,993744
2023-07-27,Leadership Development,29,53208,1543032
2023-07-27,Menulis Kreatif,1,108393,108393
2023-07-27,Video Editing,10,130725,1307250
2023-07-27,Belajar Investasi Saham,8,124940,999520
2023-10-04,Fullstack Development,23,105809,2433607
2024-10-10,Data Science,14,124302,1740228
2023-08-23,Menulis Kreatif,28,135761,3801308
2023-08-23,Leadership Development,3,121755,365265
2023-08-23,Fullstack Development,1,100140,100140
2023-08-23,Belajar Investasi Saham,0,99695,0
2023-07-10,Data Science,12,104570,1254840
2023-07-10,ReactJS,30,97279,2918370
2023-07-10,Belajar Investasi Saham,17,131260,2231420
2024-09-05,Leadership Development,6,119573,717438
2024-01-22,Fashion Design,19,66352,1260688
2024-11-17,Leadership Development,5,116123,580615
2023-03-10,Video Editing,15,52423,786345
2023-03-10,ReactJS,30,96135,2884050
2023-03-10,Menulis Kreatif,14,84728,1186192
2023-03-10,Leadership Development,15,104528,1567920
2023-03-10,Advanced Excel,20,59178,1183560
2023-03-08,ReactJS,4,88761,355044
2024-02-07,Data Science,10,99809,998090
2024-02-07,Leadership Development,14,121928,1706992
2024-02-07,Advanced Excel,6,86079,516474
2024-02-07,Fullstack Development,17,58117,987989
2024-02-07,Bahasa Spanyol Dasar,2,116397,232794
2024-10-12,Belajar Investasi Saham,26,130987,3405662
2023-03-01,Video Editing,30,74395,2231850
2023-03-01,Advanced Excel,21,135929,2854509
2023-06-03,ReactJS,29,134751,3907779
2023-11-02,Advanced Excel,1,106887,106887
2023-11-02,Fashion Design,4,73208,292832
2023-11-02,Bahasa Spanyol Dasar,10,143442,1434420
2023-10-19,Bahasa Spanyol Dasar,29,129775,3763475
2023-10-19,Menulis Kreatif,6,52936,317616
2023-10-19,Data Science,5,85718,428590
2023-06-28,Menulis Kreatif,15,106245,1593675
2023-06-28,Belajar Investasi Saham,7,132554,927878
2024-06-12,Video Editing,16,135771,2172336
2024-06-12,Advanced Excel,5,115453,577265
2024-06-12,Fullstack Development,16,106064,1697024
2024-06-12,Data Science,13,95660,1243580
2024-06-12,Fashion Design,8,109632,877056
2023-08-10,Menulis Kreatif,17,124498,2116466
2023-08-10,ReactJS,0,84452,0
2024-07-15,Fullstack Development,14,125466,1756524
2024-07-15,Data Science,10,98444,984440
2024-07-15,Fashion Design,14,130243,1823402
2023-08-06,Bahasa Spanyol Dasar,12,120364,1444368
2023-08-06,ReactJS,12,55502,666024
2023-08-06,Video Editing,5,85588,427940
2023-08-06,Belajar Investasi Saham,6,52664,315984
2023-08-06,Fullstack Development,14,133337,1866718
2023-08-10,ReactJS,29,108277,3140033
2023-08-10,Menulis Kreatif,1,96069,96069
2023-04-11,Advanced Excel,21,127409,2675589
2023-04-11,Belajar Investasi Saham,21,82660,1735860
2023-04-11,Fashion Design,30,148597,4457910
2023-04-11,ReactJS,20,130095,2601900
2023-04-11,Menulis Kreatif,27,124280,3355560
2024-10-22,Fullstack Development,9,50222,451998
2024-03-22,Leadership Development,26,59223,1539798
2024-03-22,Fullstack Development,25,146228,3655700
2024-03-22,Fashion Design,28,52241,1462748
2024-05-20,Video Editing,12,119978,1439736
2024-05-20,Data Science,20,91861,1837220
2024-06-07,Menulis Kreatif,24,51356,1232544
2024-06-07,Leadership Development,20,81380,1627600
2024-06-07,Data Science,2,77600,155200
2024-06-07,Fashion Design,24,107318,2575632
2024-06-07,Fullstack Development,23,51108,1175484
2024-06-14,Belajar Investasi Saham,10,99521,995210
2023-09-12,Video Editing,26,138680,3605680
2023-09-12,Fashion Design,8,98787,790296
2023-09-12,Fullstack Development,24,74607,1790568
2023-09-12,Advanced Excel,19,134250,2550750
2023-09-12,Data Science,15,104383,1565745
2023-11-07,Fullstack Development,23,66091,1520093
2023-11-07,Data Science,20,54620,1092400
2023-12-06,Fashion Design,7,107749,754243
2023-12-06,Data Science,7,86556,605892
2023-12-06,Bahasa Spanyol Dasar,0,85301,0
2023-12-06,Video Editing,24,147581,3541944
2023-12-06,ReactJS,17,107521,1827857
2023-06-15,Leadership Development,19,108435,2060265
2023-06-15,Advanced Excel,30,61938,1858140
2023-06-15,Fashion Design,17,72758,1236886
2023-06-15,Menulis Kreatif,6,116082,696492
2023-11-09,Leadership Development,27,71688,1935576
2024-01-17,ReactJS,7,125455,878185
2024-01-17,Belajar Investasi Saham,15,69293,1039395
2024-01-17,Menulis Kreatif,18,125830,2264940
2024-01-17,Fashion Design,22,95604,2103288
2024-01-17,Advanced Excel,2,85068,170136
2023-10-30,Bahasa Spanyol Dasar,0,93546,0
2023-10-30,Video Editing,0,90983,0
2023-06-24,Bahasa Spanyol Dasar,17,137772,2342124
2023-06-24,Video Editing,22,83989,1847758
2023-06-24,Menulis Kreatif,17,99238,1687046
2023-06-24,Fashion Design,12,66174,794088
2023-06-24,Fullstack Development,19,131204,2492876
2024-06-14,Menulis Kreatif,27,126273,3409371
2024-10-16,Bahasa Spanyol Dasar,0,82062,0
2024-10-16,ReactJS,0,110505,0
2024-10-16,Advanced Excel,6,67148,402888
2024-05-01,Data Science,2,114822,229644
2024-05-01,ReactJS,16,110508,1768128
2024-05-01,Bahasa Spanyol Dasar,24,135058,3241392
2024-03-26,Fullstack Development,3,135452,406356
2024-03-26,Leadership Development,23,76101,1750323
2024-03-26,Video Editing,12,126290,1515480
2024-03-26,Advanced Excel,26,124613,3239938
2024-03-26,Belajar Investasi Saham,19,143828,2732732
2023-08-04,Fashion Design,0,93826,0
2023-08-04,Video Editing,18,123699,2226582
2023-08-04,Bahasa Spanyol Dasar,4,89745,358980
2023-08-04,Menulis Kreatif,4,73254,293016
2023-08-04,Fullstack Development,24,64122,1538928
2024-10-14,Bahasa Spanyol Dasar,1,132406,132406
2024-10-14,Fullstack Development,2,69747,139494
2024-10-14,Data Science,1,90046,90046
2024-10-14,Menulis Kreatif,9,148479,1336311
2024-07-01,Menulis Kreatif,28,80073,2242044
2023-04-11,Data Science,1,109417,109417
2023-04-11,ReactJS,23,144644,3326812
2023-04-11,Video Editing,23,50028,1150644
2023-04-11,Fashion Design,8,63439,507512
2024-11-15,Belajar Investasi Saham,2,54532,109064
2024-11-15,Video Editing,23,57520,1322960
2023-05-11,Belajar Investasi Saham,23,87997,2023931
2023-05-11,Menulis Kreatif,24,81745,1961880
2023-05-11,Data Science,4,143446,573784
2024-08-11,Data Science,16,75018,1200288
2024-08-11,Belajar Investasi Saham,14,55035,770490
2023-11-01,ReactJS,6,139684,838104
2023-11-01,Video Editing,12,144420,1733040
2023-11-01,Bahasa Spanyol Dasar,0,57665,0
2023-11-01,Data Science,20,51075,1021500
2024-01-17,Fashion Design,0,52843,0
2024-01-17,Advanced Excel,0,144205,0
2024-01-17,Data Science,16,96752,1548032
2024-01-17,ReactJS,1,91409,91409
2023-12-07,ReactJS,13,63050,819650
2023-12-07,Video Editing,6,135818,814908
2024-03-28,ReactJS,3,111853,335559
2024-03-28,Menulis Kreatif,1,77943,77943
2024-03-28,Video Editing,28,113731,3184468
2024-03-28,Bahasa Spanyol Dasar,25,117899,2947475
2023-06-03,Menulis Kreatif,20,115426,2308520
2023-06-03,Belajar Investasi Saham,6,52646,315876
2023-08-10,Fullstack Development,30,66843,2005290
2023-08-10,Belajar Investasi Saham,17,94567,1607639
2023-08-10,ReactJS,26,140177,3644602
2023-06-07,Data Science,9,127888,1150992
2023-06-07,ReactJS,20,87025,1740500
2023-06-07,Fullstack Development,10,118586,1185860
2023-06-07,Menulis Kreatif,6,56961,341766
2023-11-04,Advanced Excel,6,97572,585432
2023-11-04,Leadership Development,2,119935,239870
2023-11-04,Bahasa Spanyol Dasar,23,125521,2886983
2023-11-04,Fashion Design,30,132192,3965760
2023-11-04,Fullstack Development,24,90579,2173896
2023-07-19,Bahasa Spanyol Dasar,8,121363,970904
2023-07-19,Video Editing,15,136010,2040150
2023-04-10,Data Science,29,67122,1946538
2023-04-10,Fullstack Development,9,101188,910692
2024-07-09,Video Editing,13,64999,844987
2024-07-09,Belajar Investasi Saham,10,106850,1068500
2023-12-05,Data Science,22,63944,1406768
2023-12-05,Bahasa Spanyol Dasar,21,134530,2825130
2023-12-05,ReactJS,27,89787,2424249
2023-12-05,Menulis Kreatif,7,141629,991403
2024-02-14,Data Science,1,77340,77340
2024-02-14,Fashion Design,16,88744,1419904
2024-02-14,Leadership Development,30,84257,2527710
2024-02-14,Fullstack Development,19,105316,2001004
2023-03-11,Fullstack Development,12,76864,922368
2023-03-11,Belajar Investasi Saham,29,136743,3965547
2023-03-11,ReactJS,11,112976,1242736
2023-03-11,Fashion Design,20,128537,2570740
2023-03-11,Menulis Kreatif,9,75710,681390
2024-03-25,Belajar Investasi Saham,15,79407,1191105
2024-03-25,Fashion Design,7,121122,847854
2024-03-25,ReactJS,13,86347,1122511
2024-03-25,Advanced Excel,2,145069,290138
2024-03-25,Fullstack Development,12,97243,1166916
2023-12-18,Belajar Investasi Saham,24,82508,1980192
2023-12-18,Video Editing,24,104598,2510352
2023-05-18,Data Science,4,138254,553016
2023-05-18,Fashion Design,13,77152,1002976
2023-05-18,Bahasa Spanyol Dasar,21,147961,3107181
2023-05-18,Fullstack Development,27,110999,2996973
2023-03-24,Leadership Development,5,124137,620685
2023-03-24,Data Science,16,77192,1235072
2023-03-24,Menulis Kreatif,17,102193,1737281
2024-04-01,Bahasa Spanyol Dasar,11,77917,857087
2024-04-01,Data Science,20,68642,1372840
2024-04-01,Video Editing,12,103744,1244928
2024-04-01,ReactJS,5,94463,472315
2023-02-28,Belajar Investasi Saham,21,57538,1208298
2023-03-02,Leadership Development,13,121168,1575184
2023-03-02,Belajar Investasi Saham,17,72603,1234251
2023-03-02,Fashion Design,13,111833,1453829
2023-03-02,Fullstack Development,28,78584,2200352
2023-03-02,Video Editing,18,80218,1443924
2024-03-08,Fullstack Development,29,110267,3197743
2024-03-08,Menulis Kreatif,22,62518,1375396
2023-07-02,Video Editing,10,85316,853160
2024-08-21,Video Editing,7,54278,379946
2024-08-21,Fullstack Development,3,90461,271383
2024-08-21,Fashion Design,16,135956,2175296
2024-08-21,Leadership Development,19,143133,2719527
2024-01-12,ReactJS,9,94405,849645
2024-01-12,Video Editing,2,126863,253726
2024-01-12,Belajar Investasi Saham,17,114061,1939037
2024-01-12,Advanced Excel,1,93883,93883
2024-07-22,Data Science,14,144150,2018100
2023-03-13,Fashion Design,19,70003,1330057
2023-03-13,Leadership Development,22,133368,2934096
2023-03-13,Belajar Investasi Saham,26,65559,1704534
2023-03-13,Video Editing,16,100417,1606672
2023-03-13,Fullstack Development,15,55737,836055
2023-05-28,Fashion Design,10,100047,1000470
2023-05-28,Belajar Investasi Saham,21,122545,2573445
2023-07-12,Fullstack Development,28,67294,1884232
2023-07-12,Menulis Kreatif,13,123883,1610479
2023-07-12,Video Editing,29,74312,2155048
2023-07-12,Fashion Design,5,114873,574365
2023-07-12,Belajar Investasi Saham,20,102985,2059700
2024-04-11,Menulis Kreatif,18,70404,1267272
2024-04-11,Video Editing,15,64715,970725
2024-04-11,Bahasa Spanyol Dasar,15,50168,752520
2024-04-11,Leadership Development,29,140381,4071049
2024-01-18,Leadership Development,24,53590,1286160
2024-01-18,Fashion Design,19,90412,1717828
2023-07-01,Fashion Design,11,67716,744876
2023-07-01,Data Science,4,146739,586956
2024-01-17,ReactJS,20,127703,2554060
2024-01-17,Leadership Development,16,64557,1032912
2023-12-29,Data Science,24,137360,3296640
2023-12-29,Fullstack Development,4,137471,549884
2023-12-29,Bahasa Spanyol Dasar,17,148414,2523038
2023-12-29,ReactJS,1,126710,126710
2023-09-14,Advanced Excel,4,89148,356592
2023-09-14,Leadership Development,4,109939,439756
2023-09-14,Data Science,18,60514,1089252
2023-09-14,Fashion Design,28,68041,1905148
2023-09-14,Video Editing,22,59256,1303632
2023-11-22,Menulis Kreatif,6,135424,812544
2023-11-22,Belajar Investasi Saham,18,94616,1703088
2023-11-22,Fullstack Development,5,78047,390235
2023-10-07,Fashion Design,13,73803,959439
2023-10-07,Menulis Kreatif,30,97180,2915400
2024-04-08,Fullstack Development,11,119350,1312850
2024-04-08,Video Editing,30,110064,3301920
2024-04-08,Leadership Development,0,97334,0
2024-04-08,Data Science,7,64492,451444
2024-11-24,Bahasa Spanyol Dasar,20,134535,2690700
2024-11-24,Belajar Investasi Saham,11,105893,1164823
2024-11-24,Fashion Design,26,56441,1467466
2024-11-24,Advanced Excel,8,130651,1045208
2024-11-24,ReactJS,29,101856,2953824
2024-10-17,Fullstack Development,0,130436,0
2024-10-17,Menulis Kreatif,13,66540,865020
2024-10-17,Fashion Design,9,146267,1316403
2024-10-17,Leadership Development,10,72982,729820
2024-10-17,Data Science,15,141469,2122035
2024-05-07,Menulis Kreatif,3,81997,245991
2024-05-07,Video Editing,6,133326,799956
2024-05-07,Bahasa Spanyol Dasar,1,80223,80223
2023-09-22,Video Editing,20,54895,1097900
2023-09-22,Data Science,28,57725,1616300
2023-09-22,Advanced Excel,21,83124,1745604
2023-09-22,Fashion Design,15,93705,1405575
2024-04-29,Video Editing,17,52768,897056
2024-04-29,Bahasa Spanyol Dasar,28,135923,3805844
2024-04-29,Menulis Kreatif,11,83092,914012
2023-12-15,ReactJS,26,124967,3249142
2023-12-15,Advanced Excel,27,106359,2871693
2023-12-15,Menulis Kreatif,18,63474,1142532
2024-07-15,ReactJS,11,132119,1453309
2024-07-15,Belajar Investasi Saham,18,79529,1431522
2024-07-15,Menulis Kreatif,19,59952,1139088
2024-07-15,Fashion Design,21,69265,1454565
2024-07-15,Fullstack Development,13,84937,1104181
2023-03-18,Fashion Design,15,148697,2230455
2023-03-18,ReactJS,22,52264,1149808
2023-03-18,Bahasa Spanyol Dasar,25,120865,3021625
2023-03-18,Advanced Excel,1,53667,53667
2023-03-18,Fullstack Development,8,97880,783040
2024-10-09,Bahasa Spanyol Dasar,1,52034,52034
2024-10-09,Menulis Kreatif,22,105541,2321902
2024-08-20,Menulis Kreatif,25,86015,2150375
2024-08-20,Fashion Design,11,81256,893816
2024-08-20,Data Science,10,93676,936760
2024-08-20,Video Editing,23,128993,2966839
2024-08-20,Fullstack Development,22,119798,2635556
2023-05-17,Data Science,7,138700,970900
2023-06-01,Bahasa Spanyol Dasar,27,59955,1618785
2023-06-01,Advanced Excel,0,134014,0
2023-06-01,Fashion Design,20,97259,1945180
2023-06-01,Fullstack Development,21,74577,1566117
2023-06-01,Video Editing,15,54286,814290
2024-05-12,Leadership Development,13,132804,1726452
2024-04-15,Advanced Excel,14,52682,737548
2024-04-15,Video Editing,4,76172,304688
2024-04-15,Leadership Development,12,126968,1523616
2024-04-15,Menulis Kreatif,19,67256,1277864
2024-04-15,Fullstack Development,26,60935,1584310
2023-08-26,Bahasa Spanyol Dasar,8,127183,1017464
2023-08-26,Belajar Investasi Saham,24,52310,1255440
2023-08-26,Menulis Kreatif,25,76493,1912325
2023-08-26,Fullstack Development,5,70493,352465
2023-08-26,ReactJS,25,136394,3409850
2024-07-01,Fashion Design,15,145095,2176425
2024-07-01,Belajar Investasi Saham,9,144810,1303290
2024-07-01,Bahasa Spanyol Dasar,9,133827,1204443
2024-07-01,Leadership Development,1,86713,86713
2024-07-01,Data Science,20,120210,2404200
2024-11-24,Menulis Kreatif,18,108837,1959066
2024-11-24,Fullstack Development,30,112335,3370050
2024-11-24,Fashion Design,15,124168,1862520
2023-05-29,Fashion Design,14,136760,1914640
2023-03-21,Fashion Design,5,117974,589870
2023-12-21,Menulis Kreatif,15,149467,2242005
2024-07-18,Belajar Investasi Saham,3,88918,266754
2024-07-18,Bahasa Spanyol Dasar,17,90120,1532040
2024-07-18,Advanced Excel,21,86296,1812216
2024-07-18,Leadership Development,24,116208,2788992
2024-07-18,Video Editing,14,67704,947856
2024-02-16,Bahasa Spanyol Dasar,25,59564,1489100
2023-03-24,Belajar Investasi Saham,13,134318,1746134
2023-03-24,ReactJS,19,78367,1488973
2023-03-24,Leadership Development,27,75516,2038932
2023-03-24,Menulis Kreatif,28,121778,3409784
2023-05-01,Bahasa Spanyol Dasar,23,112291,2582693
2023-05-01,Advanced Excel,10,99708,997080
2023-05-01,Fashion Design,22,124114,2730508
2023-11-05,Belajar Investasi Saham,26,94998,2469948
2023-11-05,Fashion Design,5,140604,703020
2023-11-05,Menulis Kreatif,9,122379,1101411
2023-04-18,Fashion Design,8,52394,419152
2023-04-30,Video Editing,16,69666,1114656
2023-04-30,Advanced Excel,8,99898,799184
2023-04-30,Bahasa Spanyol Dasar,29,77839,2257331
2023-04-30,Leadership Development,20,69432,1388640
2023-04-30,Data Science,21,110594,2322474
2023-03-10,Leadership Development,13,142317,1850121
2023-03-10,Fashion Design,23,122839,2825297
2023-03-10,Belajar Investasi Saham,4,122235,488940
2023-03-10,Data Science,27,72166,1948482
2023-05-23,Fashion Design,28,111905,3133340
2023-03-09,Data Science,4,137446,549784
2024-07-21,Data Science,17,111657,1898169
2024-07-21,Belajar Investasi Saham,18,57810,1040580
2024-07-21,Fashion Design,17,134427,2285259
2024-05-26,Bahasa Spanyol Dasar,9,55683,501147
2024-05-26,Leadership Development,14,70976,993664
2024-04-02,Advanced Excel,12,106778,1281336
2024-04-02,Data Science,27,67522,1823094
2024-04-02,Belajar Investasi Saham,24,88014,2112336
2024-04-02,Leadership Development,4,109142,436568
2023-09-20,Fullstack Development,0,81966,0
2023-09-20,Bahasa Spanyol Dasar,12,113036,1356432
2023-09-20,Advanced Excel,25,63079,1576975
2023-09-20,Leadership Development,28,88749,2484972
2023-09-20,Menulis Kreatif,17,105379,1791443
2023-11-18,Belajar Investasi Saham,18,140067,2521206
2023-11-18,Advanced Excel,21,126636,2659356
2023-11-18,Fashion Design,2,72124,144248
2023-11-18,Leadership Development,10,104205,1042050
2023-11-18,Bahasa Spanyol Dasar,1,118853,118853
2023-10-09,Advanced Excel,19,125096,2376824
2023-10-09,Bahasa Spanyol Dasar,24,105163,2523912
2023-10-09,Data Science,18,124167,2235006
2023-10-09,Menulis Kreatif,16,149379,2390064
2023-10-09,Video Editing,18,59766,1075788
2023-08-23,Video Editing,17,110865,1884705
2024-10-18,Belajar Investasi Saham,10,107982,1079820
2024-10-18,Bahasa Spanyol Dasar,4,121320,485280
2024-10-18,Menulis Kreatif,19,114270,2171130
2024-10-18,Data Science,12,105259,1263108
2024-10-18,Fashion Design,23,119589,2750547
2024-04-21,Belajar Investasi Saham,26,141561,3680586
2024-04-21,ReactJS,22,51916,1142152
2024-04-21,Leadership Development,2,140752,281504
2024-04-21,Fullstack Development,7,139110,973770
2024-03-26,Bahasa Spanyol Dasar,10,54873,548730
2024-03-14,Advanced Excel,22,121617,2675574
2024-01-15,Data Science,13,137844,1791972
2024-05-20,Fullstack Development,0,139442,0
2024-06-03,Fullstack Development,17,127846,2173382
2024-06-03,Leadership Development,25,142600,3565000
2024-06-03,Data Science,8,51915,415320
2023-12-11,Belajar Investasi Saham,6,60809,364854
2023-12-11,Bahasa Spanyol Dasar,4,77278,309112
2023-12-11,Fullstack Development,29,56010,1624290
2024-03-21,Data Science,20,105657,2113140
2024-11-27,Leadership Development,6,142632,855792
2024-11-27,Belajar Investasi Saham,18,87801,1580418
2024-11-08,Menulis Kreatif,20,81747,1634940
2024-11-08,Data Science,4,65469,261876
2024-11-08,Fashion Design,8,82421,659368
2024-11-08,Bahasa Spanyol Dasar,6,89126,534756
2024-11-08,Advanced Excel,5,142188,710940
2023-12-04,Advanced Excel,10,123682,1236820
2023-12-04,ReactJS,17,145369,2471273
2023-05-04,Video Editing,23,69610,1601030
2024-06-09,Advanced Excel,28,110535,3094980
2023-03-19,Menulis Kreatif,6,68803,412818
2023-03-19,Video Editing,22,105021,2310462
2023-03-19,Leadership Development,11,129899,1428889
2023-03-19,Belajar Investasi Saham,26,108326,2816476
2023-11-27,Bahasa Spanyol Dasar,1,101131,101131
2023-11-07,Fashion Design,28,145673,4078844
2023-11-07,Video Editing,25,50245,1256125
2023-11-07,Belajar Investasi Saham,3,145376,436128
2023-12-07,Leadership Development,3,70081,210243
2023-07-15,ReactJS,8,129538,1036304
2023-07-15,Data Science,14,101285,1417990
2023-07-15,Fullstack Development,7,91753,642271
2023-07-15,Advanced Excel,12,138471,1661652
2023-12-27,Video Editing,4,71251,285004
2023-12-27,Belajar Investasi Saham,5,88455,442275
2023-12-27,Fashion Design,20,51701,1034020
2023-12-27,Fullstack Development,26,75215,1955590
2024-06-17,Belajar Investasi Saham,1,129917,129917
2024-11-30,Fashion Design,9,149921,1349289
2024-11-30,ReactJS,5,134210,671050
2024-11-30,Advanced Excel,25,131620,3290500
2024-11-30,Belajar Investasi Saham,3,120611,361833
2024-11-30,Menulis Kreatif,3,110063,330189
2023-09-14,Menulis Kreatif,7,72966,510762
2023-11-07,Data Science,27,118584,3201768
2023-11-07,Menulis Kreatif,11,52015,572165
2023-11-07,Belajar Investasi Saham,24,76678,1840272
2023-11-07,ReactJS,7,139027,973189
2023-03-06,Bahasa Spanyol Dasar,19,51463,977797
2023-03-06,Belajar Investasi Saham,10,74424,744240
2023-03-06,Fashion Design,7,136187,953309
2023-03-06,Advanced Excel,29,115661,3354169
2023-03-06,Menulis Kreatif,15,60500,907500
2023-05-19,Fashion Design,27,132042,3565134
2023-05-19,Fullstack Development,30,100128,3003840
2023-05-19,Menulis Kreatif,19,144004,2736076
2023-05-19,Bahasa Spanyol Dasar,16,124442,1991072
2023-10-04,ReactJS,26,73707,1916382
2023-10-04,Advanced Excel,23,116936,2689528
2023-08-27,Advanced Excel,0,130031,0
2023-08-27,Leadership Development,25,107404,2685100
2023-08-27,Fullstack Development,16,79792,1276672
2024-09-10,Belajar Investasi Saham,18,89590,1612620
2024-09-10,ReactJS,11,62345,685795
2023-05-26,Advanced Excel,6,145959,875754
2024-01-23,Leadership Development,14,134275,1879850
2024-09-03,Advanced Excel,1,71239,71239
2024-09-03,Fullstack Development,9,115157,1036413
2024-09-03,Video Editing,18,67389,1213002
2024-06-14,Bahasa Spanyol Dasar,22,70461,1550142
2024-06-14,Video Editing,2,89793,179586
2023-05-13,Belajar Investasi Saham,3,65457,196371
2023-05-13,ReactJS,18,117208,2109744
2023-05-13,Menulis Kreatif,0,127238,0
2023-05-13,Advanced Excel,19,108524,2061956
2024-04-18,Menulis Kreatif,9,147341,1326069
2024-04-18,Bahasa Spanyol Dasar,26,89073,2315898
2024-04-18,Fullstack Development,17,70897,1205249
2024-04-18,Data Science,21,118180,2481780
2024-04-18,Video Editing,25,120853,3021325
2024-10-31,Bahasa Spanyol Dasar,15,60147,902205
2024-03-30,Fullstack Development,24,98765,2370360
2024-03-30,Advanced Excel,8,59498,475984
2024-06-11,Leadership Development,0,124639,0
2024-08-14,Menulis Kreatif,13,54690,710970
2024-08-14,Data Science,23,143453,3299419
2023-06-18,ReactJS,4,111302,445208
2023-06-18,Bahasa Spanyol Dasar,25,60468,1511700
2023-06-18,Fullstack Development,5,130958,654790
2023-06-18,Belajar Investasi Saham,14,135325,1894550
2024-10-10,Video Editing,0,59749,0
2024-10-10,Belajar Investasi Saham,1,73165,73165
2024-10-10,Leadership Development,17,72907,1239419
2023-03-02,Bahasa Spanyol Dasar,12,106947,1283364
2023-03-02,Leadership Development,11,92381,1016191
2023-05-28,Advanced Excel,0,73097,0
2024-02-25,Belajar Investasi Saham,10,66697,666970
2024-01-27,Fashion Design,15,91820,1377300
2024-01-27,ReactJS,0,138375,0
2024-01-27,Fullstack Development,0,121209,0
2023-11-08,Data Science,3,128089,384267
2023-11-08,Fashion Design,2,67280,134560
2024-06-18,Leadership Development,4,77525,310100
2024-06-18,Belajar Investasi Saham,13,69600,904800
2024-06-18,Fullstack Development,20,137126,2742520
2024-06-18,Advanced Excel,17,120223,2043791
2024-06-18,Menulis Kreatif,4,73568,294272
2024-07-30,Video Editing,9,69496,625464
2024-07-30,Advanced Excel,10,149311,1493110
2024-07-30,Fashion Design,6,115383,692298
2024-07-30,Bahasa Spanyol Dasar,25,138595,3464875
2024-07-30,Menulis Kreatif,5,98915,494575
2023-09-01,Data Science,22,135473,2980406
2024-01-13,ReactJS,27,62231,1680237
2024-01-13,Data Science,17,88163,1498771
2024-01-13,Bahasa Spanyol Dasar,8,66870,534960
2024-01-13,Video Editing,15,61079,916185
2024-01-13,Fashion Design,14,101272,1417808
2023-08-22,Bahasa Spanyol Dasar,7,126905,888335
2023-08-22,Data Science,26,125567,3264742
2023-08-22,Fashion Design,30,56655,1699650
2023-08-23,Belajar Investasi Saham,21,81506,1711626
2023-08-23,Data Science,16,70783,1132528
2023-08-23,Advanced Excel,23,77914,1792022
2023-10-26,Belajar Investasi Saham,3,118405,355215
2023-10-26,ReactJS,11,92961,1022571
2023-10-26,Fashion Design,1,141245,141245
2023-10-26,Video Editing,19,67057,1274083
2023-10-26,Menulis Kreatif,28,72065,2017820
2024-01-01,Data Science,27,118560,3201120
2024-01-01,Leadership Development,25,116732,2918300
2023-09-22,ReactJS,23,92474,2126902
2023-09-22,Video Editing,24,94504,2268096
2023-09-22,Fashion Design,7,84228,589596
2023-05-12,Data Science,14,134173,1878422
2023-05-12,ReactJS,2,127649,255298
2023-05-12,Fashion Design,24,86498,2075952
2023-05-12,Advanced Excel,30,138999,4169970
2024-08-03,Menulis Kreatif,21,70586,1482306
2024-08-03,Advanced Excel,11,138288,1521168
2024-08-03,Bahasa Spanyol Dasar,17,136062,2313054
2024-08-03,Fullstack Development,14,101670,1423380
2024-11-16,Bahasa Spanyol Dasar,25,120513,3012825
2024-11-16,Data Science,15,90134,1352010
2024-11-16,Belajar Investasi Saham,10,53236,532360
2024-11-16,ReactJS,13,98160,1276080
2024-11-16,Advanced Excel,12,61932,743184
2024-09-21,Belajar Investasi Saham,27,72650,1961550
2024-09-21,Leadership Development,11,83534,918874
2024-03-29,Data Science,16,98273,1572368
2024-03-29,Bahasa Spanyol Dasar,19,54545,1036355
2024-03-29,Video Editing,25,121156,3028900
2024-03-29,Menulis Kreatif,27,145511,3928797
2024-03-29,Fullstack Development,0,54650,0
2024-02-10,Belajar Investasi Saham,24,147020,3528480
2024-02-10,Bahasa Spanyol Dasar,11,97452,1071972
2024-02-10,Advanced Excel,18,121204,2181672
2024-02-10,ReactJS,21,131601,2763621
2024-02-10,Leadership Development,25,123329,3083225
2023-09-25,ReactJS,9,103686,933174
2024-01-20,Leadership Development,19,146101,2775919
2024-01-20,Data Science,2,131096,262192
2024-01-20,ReactJS,23,94435,2172005
2023-09-13,Advanced Excel,15,80466,1206990
2023-09-13,Belajar Investasi Saham,11,77893,856823
2023-09-13,Video Editing,12,141761,1701132
2023-09-13,Leadership Development,15,65020,975300
2024-06-06,Video Editing,28,145017,4060476
2024-06-06,Advanced Excel,4,68618,274472
2024-06-06,Bahasa Spanyol Dasar,16,136890,2190240
2024-06-06,Belajar Investasi Saham,11,63046,693506
2024-06-06,Fullstack Development,26,58781,1528306
2024-10-24,Fashion Design,6,71647,429882
2024-10-24,Video Editing,6,135228,811368
2024-10-24,ReactJS,22,72672,1598784
2024-10-24,Belajar Investasi Saham,5,141580,707900
2024-10-24,Leadership Development,1,80234,80234
2023-11-20,Leadership Development,21,100374,2107854
2023-11-20,Video Editing,0,110997,0
2023-11-20,Fashion Design,16,99193,1587088
2023-11-20,Data Science,29,135466,3928514
2023-11-20,Belajar Investasi Saham,6,76485,458910
2024-10-07,Menulis Kreatif,21,69774,1465254
2024-10-07,Leadership Development,6,138352,830112
2024-10-07,Bahasa Spanyol Dasar,28,77863,2180164
2024-10-07,Data Science,10,81078,810780
2024-10-07,Fashion Design,18,120346,2166228
2023-03-22,Fashion Design,17,136949,2328133
2023-03-22,ReactJS,25,53043,1326075
2023-03-22,Video Editing,7,130880,916160
2023-03-22,Data Science,27,65537,1769499
2024-07-12,Belajar Investasi Saham,23,92952,2137896
2024-07-12,Data Science,25,145379,3634475
2023-08-11,Bahasa Spanyol Dasar,22,121395,2670690
2024-11-11,Advanced Excel,16,116222,1859552
2024-11-11,Fullstack Development,16,122124,1953984
2024-11-11,Data Science,19,142098,2699862
2024-10-08,Bahasa Spanyol Dasar,17,70965,1206405
2024-10-08,Fashion Design,25,101177,2529425
2024-10-08,Belajar Investasi Saham,17,121649,2068033
2024-10-08,ReactJS,2,147611,295222
2024-10-08,Data Science,26,62702,1630252
2024-06-16,Bahasa Spanyol Dasar,26,82788,2152488
2024-05-25,Leadership Development,21,111962,2351202
2024-05-25,Data Science,1,105315,105315
2024-05-25,Video Editing,21,101734,2136414
2023-05-06,Data Science,24,124456,2986944
2023-05-06,Menulis Kreatif,5,116319,581595
2024-02-10,Data Science,7,55200,386400
2024-02-10,Video Editing,8,71859,574872
2024-02-10,Advanced Excel,14,136083,1905162
2024-02-10,Bahasa Spanyol Dasar,29,95090,2757610
2024-02-10,Fullstack Development,19,124524,2365956
2023-03-12,Advanced Excel,16,139675,2234800
2023-03-12,Fashion Design,28,64664,1810592
2023-03-12,Menulis Kreatif,7,83255,582785
2023-03-12,Belajar Investasi Saham,12,57288,687456
2023-03-12,Leadership Development,16,127579,2041264
2023-10-25,Data Science,3,68995,206985
2023-10-25,Belajar Investasi Saham,12,67178,806136
2023-10-25,Fashion Design,28,118836,3327408
2024-07-16,Menulis Kreatif,4,79690,318760
2024-07-16,Data Science,8,106047,848376
2024-07-16,Video Editing,20,97952,1959040
2024-07-16,Leadership Development,7,54231,379617
2024-07-16,ReactJS,27,130631,3527037
2023-04-29,Menulis Kreatif,17,95089,1616513
2023-04-29,ReactJS,23,137486,3162178
2023-04-29,Bahasa Spanyol Dasar,11,137999,1517989
2023-04-29,Data Science,0,96181,0
2023-07-21,Belajar Investasi Saham,18,88003,1584054
2024-04-07,Bahasa Spanyol Dasar,12,78808,945696
2024-04-07,Fullstack Development,19,66246,1258674
2024-08-01,Leadership Development,7,88265,617855
2024-08-01,Advanced Excel,18,111642,2009556
2024-08-01,Fashion Design,29,100780,2922620
2024-08-01,Belajar Investasi Saham,25,57397,1434925
2024-09-06,Leadership Development,5,98945,494725
2024-09-06,Fashion Design,4,56221,224884
2024-09-06,Menulis Kreatif,19,110698,2103262
2024-07-20,ReactJS,5,120097,600485
2023-08-20,Menulis Kreatif,23,107123,2463829
2023-08-20,ReactJS,0,125278,0
2023-08-20,Leadership Development,28,54015,1512420
2024-04-12,Fashion Design,0,126162,0
2024-04-12,Leadership Development,22,109828,2416216
2024-04-12,Bahasa Spanyol Dasar,27,80982,2186514
2024-04-12,ReactJS,3,51377,154131
2024-10-17,Fullstack Development,18,132810,2390580
2023-11-06,ReactJS,17,61737,1049529
2023-11-06,Bahasa Spanyol Dasar,21,79153,1662213
2023-11-06,Fashion Design,4,76903,307612
2023-11-06,Advanced Excel,4,85071,340284
2024-01-24,ReactJS,6,98319,589914
2024-01-24,Leadership Development,4,78529,314116
2023-09-20,Menulis Kreatif,5,87074,435370
2023-09-20,Fashion Design,0,103268,0
2023-09-20,Fullstack Development,5,111254,556270
2023-05-09,Menulis Kreatif,6,71346,428076
2024-04-23,Fullstack Development,8,61934,495472
2024-04-23,Menulis Kreatif,23,142248,3271704
2023-12-04,Menulis Kreatif,2,74606,149212
2023-12-04,Advanced Excel,6,100813,604878
2023-12-04,Fullstack Development,19,131585,2500115
2023-12-04,Bahasa Spanyol Dasar,25,86717,2167925
2023-12-04,Fashion Design,24,108524,2604576
2024-06-17,Data Science,29,140046,4061334
2024-03-26,Leadership Development,8,90228,721824
2024-03-26,Video Editing,10,81978,819780
2024-03-26,Fashion Design,15,140403,2106045
2024-01-19,Fullstack Development,23,122748,2823204
2024-01-19,ReactJS,13,52729,685477
2023-08-06,Fashion Design,24,84970,2039280
2024-09-27,Fullstack Development,7,64599,452193
2024-10-04,Menulis Kreatif,0,58616,0
2024-10-04,Advanced Excel,1,115441,115441
2024-10-04,Belajar Investasi Saham,6,125931,755586
2024-10-04,Video Editing,0,134757,0
2024-10-10,Leadership Development,15,84634,1269510
2024-10-10,Bahasa Spanyol Dasar,2,120487,240974
2024-10-10,Video Editing,17,73621,1251557
2023-11-22,Fashion Design,16,74620,1193920
2023-11-22,Bahasa Spanyol Dasar,6,66488,398928
2023-11-22,Menulis Kreatif,1,117045,117045
2023-11-22,Video Editing,23,91830,2112090
2023-11-22,Advanced Excel,12,64082,768984
2023-09-29,Menulis Kreatif,12,122176,1466112
2023-09-29,Leadership Development,16,76904,1230464
2023-09-29,Bahasa Spanyol Dasar,20,103855,2077100
2023-09-29,ReactJS,21,115791,2431611
2024-11-09,ReactJS,10,113640,1136400
2024-11-09,Data Science,22,57201,1258422
2024-11-09,Leadership Development,9,71479,643311
2024-02-28,Advanced Excel,3,87242,261726
2023-09-14,Belajar Investasi Saham,26,84886,2207036
2023-09-14,Fullstack Development,28,123527,3458756
2023-06-13,Menulis Kreatif,19,107710,2046490
2023-06-13,Leadership Development,26,120067,3121742
2024-02-01,Data Science,24,57332,1375968
2024-02-01,ReactJS,24,119789,2874936
2024-03-23,Data Science,1,74516,74516
2024-03-23,Belajar Investasi Saham,0,104981,0
2024-03-23,Leadership Development,29,141399,4100571
2024-03-23,ReactJS,2,60659,121318
2024-03-23,Fullstack Development,2,140607,281214
2024-02-02,Belajar Investasi Saham,23,100235,2305405
2024-02-02,Leadership Development,20,69458,1389160
2024-02-02,Fullstack Development,17,118613,2016421
2024-02-02,ReactJS,23,87318,2008314
2024-03-24,Data Science,5,83429,417145
2024-03-24,Belajar Investasi Saham,2,86716,173432
2024-10-27,Fashion Design,26,93263,2424838
2024-07-04,Fashion Design,5,63867,319335
2024-07-04,Video Editing,12,110562,1326744
2024-07-04,Advanced Excel,30,56630,1698900
2023-10-12,Leadership Development,15,106616,1599240
2024-03-19,ReactJS,30,62154,1864620
2024-03-19,Fullstack Development,2,72241,144482
2023-07-22,Data Science,25,128168,3204200
2023-07-22,Belajar Investasi Saham,25,136124,3403100
2023-07-22,Fashion Design,9,53659,482931
2023-07-22,ReactJS,21,141806,2977926
2023-07-22,Menulis Kreatif,1,59642,59642
2024-09-10,ReactJS,10,141063,1410630
2024-09-10,Bahasa Spanyol Dasar,4,106498,425992
2024-09-10,Fullstack Development,23,111259,2558957
2024-09-10,Advanced Excel,12,89994,1079928
2024-09-10,Leadership Development,21,143377,3010917
2024-09-26,Belajar Investasi Saham,14,145927,2042978
2024-09-26,Video Editing,22,102021,2244462
2024-09-26,Fashion Design,29,70409,2041861
2024-09-26,Leadership Development,9,136198,1225782
2024-09-26,Advanced Excel,17,89529,1521993
2023-04-13,Bahasa Spanyol Dasar,8,69894,559152
2024-11-27,ReactJS,8,82799,662392
2024-11-27,Advanced Excel,28,61964,1734992
2024-06-30,Fullstack Development,2,73401,146802
2024-06-30,Advanced Excel,18,64694,1164492
2024-06-30,Fashion Design,14,58468,818552
2024-06-30,Data Science,23,141086,3244978
2024-02-25,ReactJS,30,78056,2341680
2024-03-05,Data Science,2,119395,238790
2024-03-05,Fullstack Development,2,96756,193512
2024-03-05,Belajar Investasi Saham,2,132779,265558
2024-03-05,ReactJS,12,104279,1251348
2024-11-01,ReactJS,7,122466,857262
2023-06-24,Data Science,19,95779,1819801
2023-06-24,ReactJS,16,120891,1934256
2023-06-24,Advanced Excel,16,134200,2147200
2023-03-24,Fullstack Development,7,134709,942963
2023-03-24,Advanced Excel,21,144067,3025407
2023-03-24,Leadership Development,24,116321,2791704
2023-03-24,Menulis Kreatif,17,134858,2292586
2024-02-10,Data Science,25,53506,1337650
2024-02-10,Leadership Development,2,146601,293202
2023-12-22,Video Editing,16,51218,819488
2023-05-19,Advanced Excel,20,123997,2479940
2024-03-06,Menulis Kreatif,6,84718,508308
2024-03-06,Leadership Development,26,90788,2360488
2024-03-06,Bahasa Spanyol Dasar,10,59364,593640
2024-03-06,Fashion Design,15,138646,2079690
2023-07-27,Fullstack Development,12,76831,921972
2023-07-27,Fashion Design,20,116614,2332280
2023-07-27,Leadership Development,17,85735,1457495
2023-07-27,Belajar Investasi Saham,23,56038,1288874
2023-08-13,Data Science,14,110027,1540378
2023-08-13,Menulis Kreatif,5,62263,311315
2023-08-13,ReactJS,30,65335,1960050
2023-08-13,Advanced Excel,30,58025,1740750
2023-08-13,Leadership Development,12,98790,1185480
2024-09-25,Fashion Design,16,123654,1978464
2024-09-25,Video Editing,3,98180,294540
2024-09-25,Bahasa Spanyol Dasar,17,138734,2358478
2024-09-25,ReactJS,13,119486,1553318
2024-09-25,Leadership Development,5,73492,367460
2023-12-11,ReactJS,6,103932,623592
2023-12-11,Bahasa Spanyol Dasar,9,75891,683019
2023-12-11,Fashion Design,0,70048,0
2024-04-29,Bahasa Spanyol Dasar,14,139083,1947162
2024-10-29,Fullstack Development,3,116385,349155
2024-10-29,Leadership Development,6,62161,372966
2024-10-29,ReactJS,30,95895,2876850
2024-10-29,Advanced Excel,9,56010,504090
2024-10-29,Menulis Kreatif,3,106058,318174
2024-08-07,Fashion Design,17,98413,1673021
2024-08-07,Belajar Investasi Saham,14,121244,1697416
2024-08-07,Fullstack Development,2,93638,187276
2024-08-07,Advanced Excel,4,119676,478704
2024-08-07,Menulis Kreatif,16,121625,1946000
2023-11-03,Belajar Investasi Saham,17,99100,1684700
2023-11-03,Data Science,26,108949,2832674
2023-11-03,Menulis Kreatif,8,84527,676216
2024-08-02,Fashion Design,17,76853,1306501
2024-08-02,Bahasa Spanyol Dasar,28,54439,1524292
2023-10-27,Bahasa Spanyol Dasar,22,78087,1717914
2023-10-27,Menulis Kreatif,10,86924,869240
2023-10-27,Leadership Development,16,99496,1591936
2023-07-26,Leadership Development,1,91267,91267
2023-07-26,ReactJS,24,91419,2194056
2023-07-26,Bahasa Spanyol Dasar,19,91562,1739678
2024-02-17,Leadership Development,30,92207,2766210
2024-02-17,ReactJS,29,53530,1552370
2024-02-17,Belajar Investasi Saham,5,83577,417885
2023-04-01,Data Science,11,118523,1303753
2023-04-01,Fashion Design,1,101166,101166
2023-04-01,Belajar Investasi Saham,23,145682,3350686
2023-04-01,Advanced Excel,28,60653,1698284
2024-09-07,ReactJS,17,112894,1919198
2024-09-07,Data Science,5,58426,292130
2024-09-07,Advanced Excel,23,56535,1300305
2024-09-07,Bahasa Spanyol Dasar,14,67941,951174
2024-03-21,Menulis Kreatif,10,147968,1479680
2024-01-22,Leadership Development,5,100869,504345
2024-01-22,Menulis Kreatif,24,91773,2202552
2023-03-05,Fashion Design,25,74191,1854775
2023-03-05,Menulis Kreatif,23,137464,3161672
2024-06-21,Bahasa Spanyol Dasar,14,127936,1791104
2024-06-21,Video Editing,10,100591,1005910
2024-02-27,Data Science,11,108942,1198362
2024-02-27,Video Editing,6,127635,765810
2023-07-18,Data Science,7,148367,1038569
2023-10-17,Video Editing,27,117170,3163590
2023-10-17,ReactJS,14,90122,1261708
2023-10-17,Fashion Design,23,104816,2410768
2023-10-17,Leadership Development,25,74814,1870350
2024-01-14,Menulis Kreatif,2,123058,246116
2024-01-14,ReactJS,7,89616,627312
2024-01-14,Leadership Development,12,73016,876192
2024-01-14,Belajar Investasi Saham,12,135296,1623552
2024-01-14,Bahasa Spanyol Dasar,8,140888,1127104
2024-03-06,Fullstack Development,10,81266,812660
2024-03-06,Belajar Investasi Saham,25,93267,2331675
2023-07-21,Bahasa Spanyol Dasar,20,143540,2870800
2023-12-28,ReactJS,20,55339,1106780
2023-12-28,Fashion Design,10,89148,891480
2023-12-28,Data Science,8,123514,988112
2023-12-28,Menulis Kreatif,24,118341,2840184
2023-03-13,Data Science,10,60441,604410
2023-03-13,Advanced Excel,17,108912,1851504
2023-03-13,ReactJS,26,128113,3330938
2023-03-13,Video Editing,28,90588,2536464
2023-08-26,ReactJS,10,81003,810030
2023-11-03,Belajar Investasi Saham,24,62855,1508520
2024-07-24,Menulis Kreatif,16,139131,2226096
2023-03-14,Leadership Development,5,141427,707135
2023-03-14,Bahasa Spanyol Dasar,25,136477,3411925
2023-03-14,Fullstack Development,8,123540,988320
2023-03-14,Belajar Investasi Saham,22,59346,1305612
2023-10-12,Menulis Kreatif,1,126612,126612
2023-10-12,Data Science,22,149611,3291442
2023-10-12,Video Editing,17,141288,2401896
2023-10-12,Belajar Investasi Saham,19,96653,1836407
2023-12-15,Video Editing,20,65115,1302300
2023-12-15,ReactJS,6,75965,455790
2023-12-15,Data Science,15,124839,1872585
2024-11-02,Fullstack Development,29,56756,1645924
2024-11-02,Video Editing,25,87531,2188275
2024-11-02,Data Science,9,131837,1186533
2024-11-02,Bahasa Spanyol Dasar,14,63744,892416
2024-11-02,Advanced Excel,2,111016,222032
2024-07-02,Menulis Kreatif,25,80684,2017100
2024-02-14,Video Editing,30,105965,3178950
2024-02-14,ReactJS,12,85066,1020792
2023-09-09,Advanced Excel,24,105242,2525808
2023-09-09,Data Science,16,113377,1814032
2023-09-09,ReactJS,6,99253,595518
2024-04-26,Fashion Design,30,75585,2267550
2024-04-26,Leadership Development,27,66822,1804194
2024-04-26,ReactJS,28,109225,3058300
2024-04-26,Advanced Excel,14,59718,836052
2024-05-03,Data Science,21,102620,2155020
2024-02-14,Menulis Kreatif,4,148524,594096
2024-02-14,ReactJS,12,130516,1566192
2024-02-14,Bahasa Spanyol Dasar,11,142228,1564508
2024-02-14,Leadership Development,28,120129,3363612
2023-05-07,Menulis Kreatif,9,142231,1280079
2023-05-07,ReactJS,4,131784,527136
2023-05-07,Leadership Development,12,69765,837180
2023-05-07,Fullstack Development,30,67850,2035500
2023-05-07,Video Editing,3,106249,318747
2023-11-08,Menulis Kreatif,10,135915,1359150
2024-11-29,Belajar Investasi Saham,11,72027,792297
2024-11-29,Data Science,20,113272,2265440
2024-11-29,Advanced Excel,8,141808,1134464
2023-07-06,Menulis Kreatif,5,87895,439475
2023-05-14,Leadership Development,7,147602,1033214
2024-09-03,Bahasa Spanyol Dasar,4,91967,367868
2024-09-03,Menulis Kreatif,21,57430,1206030
2024-09-03,Advanced Excel,8,93626,749008
2023-10-09,Fullstack Development,16,113300,1812800
2023-10-09,Video Editing,8,74686,597488
2024-07-12,Fashion Design,13,70367,914771
2024-07-12,Data Science,6,129445,776670
2024-07-12,Bahasa Spanyol Dasar,27,95192,2570184
2024-04-26,Advanced Excel,22,56321,1239062
2024-04-26,Belajar Investasi Saham,20,80576,1611520
2024-04-26,Data Science,5,136320,681600
2024-04-26,Fullstack Development,25,101773,2544325
2024-04-26,Leadership Development,12,144015,1728180
2023-09-24,Fashion Design,7,105555,738885
2024-05-04,Leadership Development,14,119410,1671740
2024-05-04,Belajar Investasi Saham,0,74919,0
2024-05-04,Advanced Excel,16,56183,898928
2023-04-16,Video Editing,21,100168,2103528
2023-04-16,Data Science,2,117425,234850
2024-08-12,Video Editing,14,113741,1592374
2023-12-31,Bahasa Spanyol Dasar,3,87210,261630
2023-07-10,Fashion Design,25,141846,3546150
2023-07-10,Advanced Excel,29,76469,2217601
2023-07-10,ReactJS,12,80404,964848
2023-07-10,Fullstack Development,15,68366,1025490
2023-07-10,Leadership Development,27,114782,3099114
2024-01-21,Bahasa Spanyol Dasar,23,121622,2797306
2024-01-21,Fashion Design,9,65362,588258
2024-09-06,Fullstack Development,22,118164,2599608
2024-09-06,Leadership Development,12,148133,1777596
2024-01-30,Menulis Kreatif,30,130503,3915090
2024-01-30,ReactJS,5,131292,656460
2024-04-21,Fullstack Development,7,97683,683781
2024-04-21,Bahasa Spanyol Dasar,3,97340,292020
2024-04-21,ReactJS,25,92889,2322225
2024-05-19,Leadership Development,8,63832,510656
2024-05-19,Advanced Excel,29,114759,3328011
2024-04-03,Belajar Investasi Saham,28,148110,4147080
2024-04-03,Fullstack Development,29,120199,3485771
2024-04-03,Video Editing,16,137678,2202848
2024-04-03,Leadership Development,4,131187,524748
2024-04-03,ReactJS,2,124331,248662
2023-04-15,Data Science,24,144051,3457224
2023-04-15,Fashion Design,3,76767,230301
2023-04-15,Video Editing,11,113300,1246300
2023-04-15,ReactJS,4,108757,435028
2023-04-15,Belajar Investasi Saham,0,58536,0
2024-09-05,Fullstack Development,4,102866,411464
2024-09-05,Menulis Kreatif,19,109253,2075807
2024-09-05,Bahasa Spanyol Dasar,11,89084,979924
2024-09-05,Belajar Investasi Saham,11,139550,1535050
2024-09-28,Menulis Kreatif,21,56194,1180074
2024-09-28,Belajar Investasi Saham,6,76382,458292
2024-09-28,ReactJS,24,59733,1433592
2024-09-28,Video Editing,27,55993,1511811
2024-09-13,Fullstack Development,20,121335,2426700
2024-09-13,Menulis Kreatif,1,140585,140585
2024-09-13,Fashion Design,8,93618,748944
2024-09-13,Bahasa Spanyol Dasar,5,91412,457060
2023-06-30,Bahasa Spanyol Dasar,17,95658,1626186
2023-06-30,Video Editing,4,116403,465612
2023-06-30,ReactJS,13,92643,1204359
2024-01-11,Advanced Excel,22,78736,1732192
2024-01-11,Data Science,4,103184,412736
2024-01-11,Belajar Investasi Saham,20,143756,2875120
2024-01-11,Menulis Kreatif,10,118809,1188090
2023-06-07,Fullstack Development,18,114122,2054196
2023-06-07,Leadership Development,1,135183,135183
2023-06-07,Advanced Excel,20,65712,1314240
2023-06-07,Bahasa Spanyol Dasar,2,145680,291360
2023-06-07,Menulis Kreatif,10,145519,1455190
2024-06-14,Fashion Design,18,114372,2058696
2024-06-14,Data Science,28,101197,2833516
2024-06-14,Video Editing,21,64385,1352085
2023-04-08,Menulis Kreatif,14,53913,754782
2024-07-03,Belajar Investasi Saham,20,94368,1887360
2024-07-03,ReactJS,12,74099,889188
2024-06-12,ReactJS,10,67851,678510
2024-06-12,Data Science,8,95232,761856
2024-06-12,Fullstack Development,12,55182,662184
2024-06-12,Menulis Kreatif,3,131130,393390
2024-06-12,Video Editing,18,88902,1600236
2023-11-15,Menulis Kreatif,0,50813,0
2023-11-15,Data Science,11,93022,1023242
2023-11-15,Fullstack Development,11,83710,920810
2024-10-10,Video Editing,15,99600,1494000
2024-09-23,Leadership Development,5,143861,719305
2024-09-23,Data Science,9,83048,747432
2024-09-23,Menulis Kreatif,20,123536,2470720
2024-09-23,Fullstack Development,8,107190,857520
2024-03-17,Belajar Investasi Saham,30,143922,4317660
2024-03-17,Advanced Excel,15,81112,1216680
2024-03-17,Fullstack Development,14,77605,1086470
2024-03-17,Fashion Design,10,139563,1395630
2023-09-15,Leadership Development,25,121187,3029675
2023-09-15,Fashion Design,18,143393,2581074
2023-09-15,Fullstack Development,10,135144,1351440
2024-07-21,ReactJS,25,104099,2602475
2024-07-21,Bahasa Spanyol Dasar,4,122029,488116
2024-07-21,Menulis Kreatif,19,99390,1888410
2024-07-21,Advanced Excel,6,79074,474444
2024-07-21,Fullstack Development,22,134819,2966018
2023-06-12,Bahasa Spanyol Dasar,17,98878,1680926
2023-06-12,Fullstack Development,16,59438,951008
2023-06-12,Data Science,20,136433,2728660
2023-06-16,Fullstack Development,28,106327,2977156
2023-06-16,Belajar Investasi Saham,29,60473,1753717
2023-06-16,Advanced Excel,19,88707,1685433
2023-06-16,Data Science,1,65007,65007
2023-06-16,Fashion Design,24,53989,1295736
